{"type": "metrics", "dataset": "train", "precision": 0.9985842378480415, "balanced_accuracy": 0.9474568556176517, "recall": 0.8952824201396234, "f1_score": 0.9441160066926938}
{"type": "metrics", "dataset": "test", "precision": 0.6505421184320267, "balanced_accuracy": 0.6747509496208055, "recall": 0.40859088528025145, "f1_score": 0.5019305019305019}
{"type": "cm_matrix", "dataset": "train", "true_0": {"predicted_0": 16267, "predicted_1": 6}, "true_1": {"predicted_0": 495, "predicted_1": 4232}}
{"type": "cm_matrix", "dataset": "test", "true_0": {"predicted_0": 6672, "predicted_1": 419}, "true_1": {"predicted_0": 1129, "predicted_1": 780}}
